lyric,occurence,pos
the,1481,DET
i,1462,N
you,1437,PRO
and,837,CNJ
it,769,PRO
me,761,PRO
a,721,DET
to,692,TO
my,652,PRO
in,549,P
oh,547,UH
i'm,517,
on,472,P
that,459,CNJ
up,440,ADV
all,390,DET
your,380,PRO
yeah,352,ADV
like,345,CNJ
we,319,PRO
be,304,V
of,298,P
for,285,P
don't,283,V
so,280,DET
la,279,FW
just,268,ADV
this,268,DET
baby,250,N
go,227,V
but,225,CNJ
know,225,V
get,216,V
with,216,P
got,204,VD
is,200,V
love,197,N
it's,191,PRO
girl,189,N
if,186,CNJ
now,185,ADV
do,184,V
when,183,WH
you're,177,PRO
back,168,ADV
no,165,DET
never,161,ADV
what,158,WH
wanna,157,VB+TO
out,156,ADV
see,155,V
come,154,V
can,146,MOD
way,146,N
make,144,V
ain't,143,V
she,141,PRO
want,138,V
'cause,136,
na,136,
tonight,136,N
at,135,P
let,135,V
time,122,N
put,121,V
right,118,ADJ
down,117,ADV
they,117,PRO
feel,115,V
are,114,V
gonna,113,VBG+TO
had,108,V
her,106,PRO
can't,105,MOD
was,104,V
life,102,N
could,96,MOD
take,94,V
world,93,N
night,92,N
one,92,NUM
them,89,PRO
hands,87,N
gotta,85,VBN+TO
not,85,*
about,82,P
i'll,82,
who,82,WH
look,80,V
say,76,V
how,75,WH
here,74,ADV
more,74,DET
need,73,N
rock,73,N
we're,72,PRO
tell,71,V
think,70,V
that's,68,DET
ever,67,ADV
have,67,V
money,67,N
only,66,ADV
i've,65,
around,63,P
said,63,VD
will,63,MOD
then,60,ADV
turn,59,V
mind,58,N
really,58,ADV
been,57,V
from,57,P
yellow,57,ADJ
black,56,ADJ
good,56,ADJ
run,56,V
man,55,N
shake,55,V
keep,54,V
last,54,DET
show,54,V
better,53,ADJ
girls,53,N
gon',53,
hey,53,UH
pretty,53,DET
he,52,PRO
heart,52,N
lights,51,N
bottoms,50,N
please,50,V
there,50,EX
day,49,N
floor,49,N
or,49,CNJ
even,47,ADV
eyes,47,N
fuck,47,V
some,47,DET
us,47,PRO
away,46,ADV
little,46,DET
body,45,N
thing,45,N
boy,44,N
where,44,WH
as,43,CNJ
born,43,VN
cause,43,N
dance,43,N
edge,43,N
let's,43,VB+PPO
through,42,P
too,42,DET
off,41,ADV
than,41,CNJ
coming,40,VG
every,40,DET
shit,40,N
again,39,ADV
enough,39,DET
give,39,V
party,39,N
push,39,V
these,39,DET
would,39,MOD
ya,39,PRO
'em,38,PRO
beautiful,38,ADJ
over,38,P
place,38,N
best,37,ADJ
everybody,37,PRO
home,37,N
name,37,N
says,37,VBZ
what's,37,WH
boom,36,N
call,36,V
hate,36,V
there's,36,EX
were,36,V
won't,36,MOD
work,36,N
bass,35,N
crazy,35,ADJ
goes,35,VBZ
niggas,35,
roll,35,V
kiss,34,V
long,34,ADJ
ooh,34,
bet,33,V
dream,33,N
nothing,33,PRO
still,33,ADV
stop,33,V
throw,33,V
wish,33,V
-,32,P
drink,32,N
other,32,DET
everything,31,PRO
hold,31,V
leave,31,V
running,31,VG
air,30,N
uh,30,
why,30,WH
without,30,P
'bout,29,P
dancing,29,VG
dj,29,
hard,29,ADJ
hear,29,V
lot,29,N
moment,29,N
our,29,PRO
ah,28,UH
beat,28,N
found,28,VN
light,28,N
sweat,28,N
yo,28,
alive,27,ADJ
change,27,N
deep,27,ADJ
i'mma,27,
real,27,ADJ
till,27,CNJ
you'll,27,PRO
another,26,DET
bad,26,ADJ
dark,26,ADJ
told,26,VD
am,25,V
an,25,DET
by,25,P
inside,25,P
looking,25,VG
start,25,V
swear,25,V
well,25,ADV
big,24,ADJ
blow-oh-oh-oh,24,
gave,24,VD
i'd,24,
lose,24,V
na-na-na-na,24,
road,24,N
seat,24,N
side,24,N
waiting,24,VG
while,24,CNJ
young,24,ADJ
alright,23,
fire,23,N
friends,23,N
head,23,N
high,23,ADJ
move,23,V
things,23,N
bitch,22,N
fall,22,N
god,22,N
going,22,VG
lost,22,VN
nigga,22,
whoa,22,
you'd,22,PRO
bring,21,V
comes,21,VBZ
ends,21,N
glass,21,N
made,21,VN
maybe,21,ADV
met,21,VD
own,21,ADJ
remember,21,V
rolling,21,VG
touch,21,N
wiggle,21,N
ass,20,N
believe,20,V
club,20,N
felt,20,VD
find,20,V
hit,20,V
play,20,V
something,20,PRO
try,20,V
watch,20,V
care,19,N
damn,19,ADJ
full,19,ADJ
i'ma,19,
jagger,19,
kids,19,N
knows,19,VBZ
makes,19,VBZ
raise,19,V
stay,19,V
thinkin',19,
whoa-oh,19,
wrong,19,ADJ
y'all,19,PRO
yes,19,ADV
always,18,ADV
close,18,ADV
country,18,N
did,18,V
doctor,18,N
drop,18,V
friday,18,
left,18,VN
many,18,DET
matter,18,N
moves,18,VBZ
talk,18,V
tears,18,N
times,18,N
doing,17,VG
done,17,VN
feeling,17,N
fuckin',17,
mine,17,PRO
new,17,ADJ
ooo,17,
ride,17,V
sky,17,N
sometimes,17,ADV
stereo,17,N
walk,17,V
yourself,17,PRO
came,16,VD
cold,16,ADJ
first,16,NUM
forget,16,V
hand,16,N
hopeless,16,ADJ
huh,16,UH
live,16,V
lovin',16,
mean,16,V
might,16,MOD
people,16,N
perfect,16,ADJ
price,16,N
sure,16,ADJ
tomorrow,16,N
whenever,16,WH
bed,15,N
before,15,CNJ
break,15,V
face,15,N
fallin',15,
fight,15,N
game,15,N
him,15,PRO
kicks,15,VBZ
ladies,15,N
same,15,DET
should,15,MOD
song,15,N
soul,15,N
sun,15,N
top,15,N
town,15,N
we'll,15,PRO
already,14,ADV
anything,14,PRO
bottles,14,N
didn't,14,V
dirt,14,N
easy,14,ADJ
front,14,N
hair,14,N
hell,14,N
honey,14,N
hot,14,ADJ
into,14,P
mess,14,N
moon,14,N
nobody,14,PRO
old,14,ADJ
open,14,ADJ
pumped,14,VD
sex,14,N
sing,14,V
super,14,ADJ
sweet,14,ADJ
you've,14,PRO
'round,13,ADV
arms,13,N
blow,13,N
blue,13,ADJ
couldn't,13,MOD
doin',13,VG
drive,13,N
getting,13,VG
jump,13,V
okay,13,ADJ
pocket,13,N
smile,13,N
thinking,13,VG
track,13,N
trying,13,VG
tryna,13,
'cuz,12,
anybody,12,PRO
cry,12,N
days,12,N
die,12,V
forever,12,ADV
freak,12,N
gone,12,VN
guess,12,V
ice,12,N
listen,12,V
loud,12,ADJ
pain,12,N
pants,12,N
radio,12,N
shot,12,N
they're,12,PRO
truth,12,N
verse,12,N
wait,12,V
white,12,ADJ
whole,12,ADJ
whoo,12,
almost,11,ADV
along,11,P
ask,11,V
bar,11,N
both,11,DET
catch,11,V
control,11,N
couple,11,N
ha,11,UH
he's,11,PRO
his,11,PRO
house,11,N
jeans,11,
living,11,VG
lover,11,N
may,11,MOD
morning,11,N
rain,11,N
saying,11,VG
spot,11,N
street,11,N
thank,11,V
today,11,N
understand,11,V
word,11,N
wouldn't,11,MOD
ay,10,
bright,10,ADJ
brown,10,ADJ
bullet,10,N
cash,10,N
chorus,10,N
december,10,
diamonds,10,N
dirty,10,ADJ
feelin',10,
feels,10,VBZ
fly,10,V
glory,10,N
gun,10,N
hanging,10,VG
higher,10,ADJ
hurts,10,VBZ
lighters,10,N
line,10,N
loved,10,VD
mad,10,ADJ
nicki,10,
played,10,VD
she's,10,PRO
shine,10,N
sleep,10,N
stuck,10,VN
tag,10,N
taking,10,VG
true,10,ADJ
used,10,VN
wasn't,10,V
afraid,9,ADJ
against,9,P
alone,9,ADV
awe,9,N
aye,9,ADV
beside,9,P
boom-ba-doom-boom-boom-ba-doom-boom-bass,9,
booty,9,N
boys,9,N
chance,9,N
dawn,9,N
dick,9,
else,9,ADV
fucking,9,
goin',9,VG
guy,9,N
has,9,V
lay,9,VD
leavin',9,
limit,9,N
lips,9,N
mistakes,9,N
music,9,N
owe,9,V
realized,9,VD
rockin',9,
scars,9,N
scream,9,N
slow,9,ADJ
somebody,9,PRO
sound,9,N
stars,9,N
strong,9,ADJ
such,9,ADJ
tear,9,V
turned,9,VD
until,9,CNJ
very,9,DET
wishing,9,VG
wonder,9,V
10,8,NUM
amazing,8,ADJ
any,8,DET
ba-bling,8,
babe,8,
beating,8,VG
because,8,CNJ
bitches,8,
car,8,N
cha-ching,8,
chris,8,
crew,8,N
deny,8,V
dreams,8,N
driver,8,N
favorite,8,ADJ
friend,8,N
gettin',8,VG
grab,8,V
haters,8,
heard,8,VD
hoes,8,N
instead,8,ADV
jam,8,N
keys,8,N
louder,8,ADJ
mama,8,
message,8,N
million,8,NUM
miss,8,V
missing,8,VG
oooo,8,
phone,8,N
pop,8,N
pump,8,N
queen,8,N
ready,8,ADJ
roscoe,8,
round,8,ADJ
saw,8,VD
second,8,NUM
sexy,8,ADJ
sit,8,V
skylar,8,
smell,8,N
special,8,ADJ
stops,8,N
switchup,8,
thought,8,VD
thoughts,8,N
together,8,ADV
took,8,VD
wanted,8,VD
wayne,8,
wind,8,N
window,8,N
words,8,N
worth,8,ADJ
:,7,:
addicted,7,VN
after,7,P
baddest,7,
ball,7,N
beauty,7,N
beer,7,N
bit,7,N
broke,7,VD
city,7,N
crooks,7,N
doesn't,7,V
door,7,N
drinking,7,VG
excuse,7,N
far,7,ADV
faster,7,ADV
fault,7,N
glasses,7,N
green,7,ADJ
hook,7,N
hope,7,N
kid,7,N
king,7,N
lately,7,ADV
lil,7,
low,7,ADJ
much,7,DET
next,7,DET
nothin',7,PRO
ohohohohoho,7,
once,7,ADV
oooh,7,
outrun,7,V
outta,7,
paradise,7,N
pay,7,V
pick,7,V
rest,7,N
send,7,V
set,7,VN
shinin',7,
sick,7,ADJ
sign,7,N
sink,7,V
someone,7,PRO
son,7,N
sorry,7,ADJ
steal,7,V
step,7,N
sucks,7,
superstars,7,
teenage,7,ADJ
those,7,DET
truck,7,N
tryin',7,
two,7,NUM
type,7,N
under,7,P
went,7,VD
wine,7,N
yesterday,7,N
2,6,NUM
a-yo,6,
barefoot,6,ADJ
begging,6,VG
being,6,V
blame,6,V
caught,6,VD
chains,6,N
cheers,6,N
closer,6,ADV
comin',6,N
cool,6,ADJ
corner,6,N
daddy,6,
dale,6,
deal,6,N
different,6,ADJ
doubt,6,N
dress,6,N
drunk,6,ADJ
dynamite,6,N
escalade,6,
everyday,6,ADJ
extraterrestrial,6,ADJ
fast,6,ADV
figure,6,N
fill,6,V
firework,6,
fool,6,N
glitter,6,N
goodnight,6,UH
great,6,ADJ
group,6,N
happy,6,ADJ
help,6,V
hide,6,V
honestly,6,ADV
insane,6,ADJ
jean,6,
kick,6,N
kill,6,V
kinda,6,DET
lasts,6,VBZ
laugh,6,N
lmfao,6,
lord,6,N
m-m-m,6,
making,6,VG
motivation,6,N
nice,6,ADJ
nowhere,6,ADV
oh-oh,6,
ohohoh,6,
oo,6,
opened,6,VD
paper,6,N
perfectly,6,DET
pitbull,6,
plans,6,N
poison,6,N
pretend,6,V
realest,6,ADJ
reppin',6,
river,6,N
s-s-s,6,
scared,6,VN
shots,6,N
sitting,6,VG
soon,6,ADV
standing,6,VG
stare,6,V
summer,6,N
t-pain,6,
talkin',6,VG
talking,6,VG
taste,6,N
tgif,6,
tried,6,VD
trip,6,N
turning,6,VG
water,6,N
ways,6,N
we've,6,PRO
weed,6,V
whips,6,N
woahohoh,6,
woman,6,N
worry,6,V
years,6,N
5,5,NUM
animal,5,N
ballin',5,
bang,5,V
bastards,5,N
bee,5,N
beg,5,V
bite,5,V
blows,5,VBZ
boi,5,
bones,5,N
box,5,N
bunch,5,N
bury,5,V
buy,5,V
cataracs,5,
cheap,5,ADJ
chest,5,N
chilling,5,VG
credit,5,N
cup,5,N
dad,5,N
dat,5,
dead,5,ADJ
deserve,5,V
dis,5,
downs,5,N
downtown,5,N
drum,5,N
dying,5,VG
everywhere,5,ADV
excite,5,V
faith,5,N
family,5,N
flo,5,
foreign,5,ADJ
freakin',5,
funny,5,ADJ
galileo,5,
george,5,
ghetto,5,N
girl's,5,N
givin',5,VG
gold,5,N
goodbye,5,UH
grey,5,ADJ
grind,5,V
guys,5,N
half,5,DET
haven't,5,V
heart's,5,N
hearts,5,N
hmm,5,
ho,5,
honeysuckle,5,N
hood,5,N
imma,5,
isn't,5,V
its,5,PRO
kind,5,N
kingdom,5,N
knew,5,VD
known,5,VN
laid,5,VN
lala,5,
lane,5,N
late,5,ADJ
leaving,5,VG
less,5,DET
lie,5,V
lies,5,VBZ
lil',5,
locked,5,VN
luck,5,N
memory,5,N
messing,5,
middle,5,ADJ
moments,5,N
moscato,5,
mouth,5,N
movin',5,
moving,5,VG
mr,5,
mud,5,N
note,5,N
one's,5,PRO
outside,5,P
park,5,N
playing,5,VG
poppin',5,
pride,5,N
pulled,5,VD
pussy,5,N
question,5,N
red,5,ADJ
rihanna,5,
rise,5,N
runnin',5,VG
save,5,V
screamin',5,
sean,5,
security,5,N
seen,5,VN
shakin',5,
sharp,5,ADJ
shoot,5,V
short,5,ADJ
shy,5,ADJ
silly,5,ADJ
sittin',5,
smiling,5,VG
smoke,5,N
somewhere,5,ADV
stares,5,N
sticks,5,N
stones,5,N
stuntin',5,
tired,5,VN
trance,5,N
traveled,5,VD
trust,5,V
twice,5,ADV
ups,5,N
vip,5,
wake,5,V
wash,5,N
weather,5,N
whip,5,N
wide,5,ADJ
win,5,V
wire,5,N
'bouta,4,
'gon,4,
'n',4,CNJ
'till,4,P
1,4,NUM
across,4,P
alien,4,ADJ
although,4,CNJ
anyway,4,ADV
anywhere,4,ADV
apart,4,ADV
awaits,4,VBZ
bada,4,
beats,4,VBZ
before-fore,4,
begin,4,V
behind,4,P
blood,4,N
blown,4,VN
bodies,4,N
brands,4,N
brother,4,N
bucks,4,N
c'mon,4,
callin',4,VG
cards,4,N
cars,4,N
chair,4,N
collecting,4,VG
colors,4,N
console,4,
da-day,4,
death,4,N
dem,4,
deuce,4,
dev,4,
dime,4,N
drag,4,V
dre,4,
drinks,4,N
driving,4,VG
eat,4,V
eight-foot,4,ADJ
em,4,PRO
escape,4,V
everybody's,4,PRO
everyone,4,PRO
extra,4,ADJ
feet,4,N
fine,4,ADJ
five,4,NUM
flo',4,
forgiven,4,VN
freaks,4,N
free,4,ADJ
freedom,4,N
fun,4,N
gritty,4,ADJ
grow,4,V
growin',4,
hatin',4,
headlights,4,N
hitting,4,VG
hollywood,4,
hurting,4,VG
hush,4,UH
i-i-i-i've,4,
jameson,4,
jar,4,N
john,4,N
jones,4,
kicked,4,VD
kissed,4,VD
knee,4,N
knife,4,N
lauren,4,
lead,4,V
lets,4,VBZ
level,4,N
lift,4,V
lily,4,
listening,4,VG
lookin',4,
looks,4,VBZ
loose,4,ADJ
m,4,
mack,4,
mamma,4,
matters,4,N
meant,4,VD
meeting,4,N
melody,4,N
miles,4,N
mirror,4,N
must,4,MOD
muthafucker,4,
myself,4,PRO
needed,4,VN
nitty,4,
notice,4,N
ohhhh,4,
paid,4,VN
pass,4,V
passed,4,VD
picking,4,VG
picture,4,N
pockets,4,N
poor,4,ADJ
probably,4,ADV
proceed,4,V
pumpin',4,
quit,4,V
raised,4,VN
reach,4,V
realize,4,V
reason,4,N
record,4,N
regret,4,V
reminiscing,4,VG
richer,4,ADJ
room,4,N
roses,4,N
rush,4,N
seasons,4,N
seconds,4,N
seems,4,VBZ
serious,4,ADJ
seven-foot,4,
shame,4,N
shawty,4,
shorty,4,
shufflin',4,
simple,4,ADJ
since,4,CNJ
sip,4,N
six-foot,4,ADJ
skin-tight,4,
soft,4,ADJ
somehow,4,ADV
southern,4,ADJ
space,4,N
speak,4,V
star,4,N
straight,4,ADJ
stunt,4,V
suckers,4,N
supernatural,4,ADJ
supposed,4,VN
swallow,4,V
swear-wear,4,
swerving,4,VG
tearing,4,VG
tequila,4,
they've,4,PRO
tires,4,N
tone,4,N
tongue,4,N
traffic,4,N
trey,4,
tru-u-ue,4,
underdogs,4,
usher,4,V
vacation,4,N
wall,4,N
wear,4,V
weekend,4,N
weezy,4,
west,4,N
whether,4,CNJ
wit,4,N
worldwide,4,ADJ
written,4,VN
yeahh,4,
york,4,
you-ou,4,
'ere,3,
aaah,3,
aah,3,
abduction,3,N
africa,3,
ago,3,ADV
alicia,3,
animals,3,N
apar-par-par-pa-pa-part,3,
apologize,3,V
asking,3,VG
awhile,3,ADV
aww,3,
background,3,N
bank,3,N
beast,3,N
bees,3,N
belong,3,V
benz,3,
between,3,P
birds,3,N
bismillah,3,
blowing,3,VG
boom-boom-ba-doom-boom-boom-ba-doom-boom-bass,3,
boulevard,3,N
bow,3,N
boyz,3,
breeze,3,N
brighter,3,ADJ
broken,3,VN
bullshit,3,V
burn,3,V
burning,3,VG
burst,3,N
carry,3,V
catfish,3,
celebrate,3,V
check,3,N
chick,3,N
cigarette,3,N
clap,3,N
clear,3,ADJ
cocky,3,ADJ
coke,3,N
colder,3,ADJ
command,3,N
creek,3,N
crickets,3,N
cried,3,VD
critters,3,N
crowd,3,N
cut,3,V
cuz,3,
daddy's,3,
danced,3,VD
dangerous,3,ADJ
dash,3,N
decide,3,V
devil,3,N
diddy,3,
dipping,3,VG
dna,3,
dollar,3,N
doors,3,N
dreaming,3,VG
drove,3,VD
dudes,3,
dum-dum-du-du-du-dumb,3,
elton,3,
empty,3,ADJ
ended,3,VD
evil,3,ADJ
f,3,N
fact,3,N
fake,3,ADJ
falls,3,VBZ
fan,3,N
feelings,3,N
finally,3,ADV
finisher,3,N
fix,3,V
flash,3,N
flex,3,V
flow,3,N
forgot,3,VD
freaky,3,
fresher,3,
gangsta,3,
glow,3,N
grass,3,N
gravel,3,N
grown,3,VN
gypsy,3,N
hang,3,V
har-har-har-ha-ha-hard,3,
havin',3,
he'll,3,PRO
heavy,3,ADJ
heh,3,
hi,3,
hits,3,N
holding,3,VG
homie,3,
honky-tonks,3,
hop,3,
hotter,3,ADJ
hour,3,N
infect,3,V
insecure,3,ADJ
jack,3,
jennifer,3,
jigulina,3,
key,3,N
ki-ki-kiss,3,
knees,3,N
lady,3,N
law,3,N
learned,3,VN
leaves,3,VBZ
lick,3,V
london,3,
lonely,3,ADJ
looked,3,VD
losing,3,VG
loving,3,VG
married,3,VN
marry,3,V
maxed,3,
meet,3,V
menage,3,
mia,3,
miami,3,
minaj,3,
minute,3,N
missed,3,VN
monster,3,N
moonlight,3,N
most,3,DET
mother,3,N
mound,3,N
muthaf-cka,3,
news,3,N
no-o-ote,3,
nobody's,3,PRO
num-num-nu-nu-nu-numb,3,
ohh,3,
ooh-ooh-oh-oh,3,
ooooh,3,
our-our-our-ou-ou-ours,3,
paying,3,VG
peace,3,N
penny,3,N
pictures,3,N
plain,3,ADJ
playin,3,
power,3,N
pro,3,P
problems,3,N
quick,3,ADJ
racing,3,VG
ramblin',3,
ray,3,N
rednecks,3,
regrets,3,VBZ
release,3,N
respect,3,N
ring,3,N
ripped,3,VD
rollin',3,
roof,3,N
rooftop,3,N
rose,3,VD
rude,3,ADJ
satin,3,N
scary,3,ADJ
school,3,N
screaming,3,VG
secret,3,ADJ
self,3,N
sell,3,V
she'd,3,PRO
shortly,3,ADV
shoulder,3,N
signed,3,VN
singing,3,VG
sippin',3,
situation,3,N
six,3,NUM
skinny,3,ADJ
sky-y-y,3,
spend,3,V
spinnin',3,
split,3,VN
squirrels,3,
stacks,3,N
stand,3,V
started,3,VD
steady,3,ADJ
sto-op,3,
stopping,3,VG
streaking,3,
suck,3,V
sugar,3,N
sunrise,3,N
surprise,3,N
swallowing,3,VG
swimming,3,VG
systems,3,N
ta-ta-take,3,
tabletops,3,
tea,3,N
tearin',3,
tellin',3,
ten,3,NUM
their,3,PRO
they'll,3,PRO
thirty,3,NUM
though,3,CNJ
tide,3,N
to--,3,
trade,3,N
travel,3,N
treat,3,V
treated,3,VN
trippin',3,
trois,3,
tune,3,N
turns,3,VBZ
two-lane,3,ADJ
uncontrollably,3,
understands,3,VBZ
unravel,3,V
unwind,3,
upside,3,ADV
vegas,3,
victim,3,N
vika,3,
waist,3,N
waited,3,VD
wale,3,
walked,3,VD
wanting,3,VG
wearing,3,VG
whatever,3,WH
whhhhy,3,
who's,3,WH
whoaa-oh-whoa,3,
whoaa-oh-whoa-oh,3,
wild,3,ADJ
winner,3,N
wohh,3,
wrote,3,VD
yea,3,ADV
yeah-yeah,3,
youn-youn-yo-yo-yo-young,3,
"stay,2,
'fore,2,CNJ
'til,2,
'um,2,
50,2,NUM
7,2,NUM
a-met,2,
above,2,P
act,2,N
acting,2,VG
admire,2,V
affliction,2,N
aint,2,
alcohol,2,N
angel,2,N
anna,2,
anyone,2,PRO
aside,2,ADV
atmosphere,2,N
attention,2,N
awake,2,ADJ
bangin',2,
barbed,2,VN
beach,2,N
beige,2,ADJ
benett,2,
bennett,2,
beyonce,2,
bigger,2,ADJ
bing,2,
birthday,2,N
bitter,2,ADJ
blacked,2,VN
blew,2,VD
blur,2,N
booth,2,N
bottle,2,N
boudoir,2,
bought,2,VD
bout,2,N
brain,2,N
brazil,2,N
bread,2,N
breaking,2,VG
breathless,2,ADJ
bridge,2,N
bringin',2,
bringing,2,VG
broad,2,ADJ
brought,2,VD
business,2,N
buying,2,VG
called,2,VN
camaro,2,
cannot,2,MOD
cant,2,N
capital,2,N
card,2,N
cares,2,VBZ
cats,2,N
celebration,2,N
changing,2,VG
charles,2,
cheat,2,V
checkin',2,VG
chicka,2,
chicken,2,N
chola,2,
choose,2,V
chuck,2,N
class,2,N
climb,2,V
cloud,2,N
cock,2,N
colorado,2,
conway,2,
cop,2,N
could've,2,
count,2,V
coupes,2,
crack,2,N
cracked,2,VD
crasher,2,N
create,2,V
creeping,2,VG
crosses,2,VBZ
crown,2,N
cuter,2,
dada,2,
dancin',2,
dancy,2,
decision,2,N
decisions,2,N
demons,2,N
deri,2,
devvvv,2,
digger,2,
dimension,2,N
dodged,2,VD
dope,2,N
drank,2,VD
dreamin',2,
drifting,2,VG
drip,2,N
drizzy,2,
drops,2,N
drug,2,N
dry,2,ADJ
ducks,2,N
dude,2,
dusty,2,ADJ
ear,2,N
eating,2,VG
edward,2,
either,2,CNJ
el,2,
eminem,2,
end,2,N
engine,2,N
enjoy,2,V
enter,2,V
erase,2,V
eye,2,N
faggots,2,
fair,2,ADJ
fame,2,N
fancy,2,N
father,2,N
fear,2,N
fever,2,N
field,2,N
filled,2,VN
flag,2,N
flies,2,N
flight,2,N
flipped,2,VD
floating,2,VG
flocka,2,
flood,2,N
follow,2,V
form,2,N
forth,2,ADV
four,2,NUM
fourth,2,NUM
fresh,2,ADJ
future,2,N
getin',2,
ghost,2,N
girlfriend,2,
given,2,VN
glad,2,ADJ
go-o-o,2,
gon,2,
goonrock],2,
goose,2,N
guarantee,2,N
gunz,2,
gym,2,N
h-i-m,2,
haiti,2,
half-alive,2,
han,2,
handle,2,V
happen,2,V
happened,2,VD
harder,2,ADV
having,2,V
haze,2,N
headed,2,VN
heading,2,N
headliner,2,
held,2,VN
hell's,2,N
hella,2,
here's,2,ADV
heroes,2,N
hickey,2,
hiding,2,VG
hips,2,N
hoe,2,
holdin',2,VG
hoped,2,VD
how's,2,
however,2,ADV
hurt,2,V
ibiza,2,
iced,2,VN
ignite,2,V
ill,2,ADJ
inception,2,N
international,2,ADJ
interstate,2,ADJ
introduce,2,V
iron,2,N
it'll,2,PRO
itself,2,PRO
job,2,N
july,2,
kanye,2,
keeps,2,VBZ
keisha,2,
keri,2,
khalifa,2,
kicking,2,VG
killin',2,VG
kitchen,2,N
knowin',2,
lalala,2,
lalalalala,2,
learn,2,V
leggo,2,
legs,2,N
lesbian,2,
li-i-i-ow,2,
li-i-ife,2,
life's,2,N
light's,2,
lightning,2,N
lip,2,N
liquor,2,N
lives,2,N
load,2,N
longer,2,ADV
loretta,2,
lotta,2,
louie,2,
louisiana,2,
lucky,2,ADJ
lying,2,VG
maggots,2,N
maroon,2,ADJ
mary,2,
maya,2,
meanin',2,VG
mega,2,
messed,2,VD
messin',2,
mic,2,
mississippi,2,
mister,2,NP
misunderstood,2,VN
momma,2,
morocco,2,
movies,2,N
mtv,2,
naked,2,ADJ
nation,2,N
needs,2,N
nights,2,N
noise,2,N
none,2,PRO
number,2,N
obvious,2,ADJ
|oh,|,2,
ohoho,2,
ohohoho,2,
ok,2,
ol',2,ADJ
ole,2,ADJ
online,2,
ooh-oh,2,
ooohh,2,
oooooooooooh,2,
order,2,N
orient,2,
outro,2,
outtie,2,
overdue,2,ADJ
ow,2,
packin',2,
passion,2,N
path,2,N
patiently,2,ADV
pause,2,N
pearls,2,N
pedal,2,N
perfume,2,N
pie,2,N
piece,2,N
pines,2,N
pitch,2,N
pity,2,N
plan,2,N
plays,2,N
point,2,N
pow,2,
pray,2,V
pressure,2,N
prize,2,N
promise,2,N
proud,2,ADJ
public,2,ADJ
pumpin,2,
rainbow,2,N
rap,2,N
rappers,2,
rapping,2,
ray-bans,2,
reaching,2,VG
rejoice,2,V
remind,2,V
reminded,2,VD
rep,2,
reputation,2,N
retire,2,V
ridin',2,
rocking,2,N
rolled,2,VD
romance,2,N
root,2,N
ru-ru-ru-run,2,
ruled,2,VN
sad,2,ADJ
safe,2,ADJ
salt,2,N
satisfied,2,VN
saved,2,VN
sayin',2,N
scaramouche,2,
screwed,2,VN
seeing,2,VG
seem,2,V
seven,2,NUM
sexified,2,
shade,2,N
shades,2,N
shadow,2,N
shady,2,ADJ
share,2,N
ship,2,N
shirt,2,N
shooting,2,VG
shoulda',2,
shout,2,V
shout-out,2,
showed,2,VD
shut,2,VN
sin,2,N
sins,2,N
skies,2,N
skin,2,N
slam,2,N
slapped,2,VD
sleeping,2,VG
slim,2,ADJ
sling,2,N
slip,2,N
small,2,ADJ
smasher,2,
smiled,2,VD
snatcher,2,
somebody's,2,PRO
songz,2,
spark,2,N
spent,2,VN
spit,2,V
spread,2,V
squeeze,2,V
starin',2,
staring,2,VG
starting,2,VG
steal-yo-girl,2,
stockings,2,N
stone,2,N
store,2,N
strobe,2,
struck,2,VD
stuff,2,N
stupid,2,ADJ
style,2,N
suit,2,N
sunlight,2,N
sunny,2,ADJ
survive,2,V
swagger,2,
sweeter,2,
swisher,2,
tail,2,N
tammy,2,
tattoo,2,
tempah,2,
test,2,N
text,2,N
thang,2,
thinks,2,VBZ
three,2,NUM
thug,2,N
tick,2,V
tied,2,VN
tight,2,ADJ
tinie,2,
tock,2,
tossed,2,VD
touches,2,N
tracks,2,N
tractor,2,N
train,2,N
travie,2,
tree,2,N
trigger,2,N
tuck,2,V
tunechi,2,
tv,2,
twitty,2,
ugh,2,
umm,2,
underneath,2,P
unemployment,2,N
uninvited,2,ADJ
university,2,N
ur,2,
usual,2,ADJ
vain,2,ADJ
valentine,2,
vampire,2,
vibing,2,
video,2,N
vodka,2,
waka,2,
walking,2,VG
waste,2,N
wedding,2,N
week,2,N
welcome,2,ADJ
whack,2,N
wherever,2,WH
whiskey,2,N
whisper,2,N
why'd,2,
winter,2,N
wishin',2,
wit'chu,2,
wiz,2,
woke,2,VD
women,2,N
woo,2,V
writer,2,N
yell,2,N
yelling,2,VG
yet,2,ADV
yours,2,PRO
"slow,1,
'less,1,
'member,1,
'posed,1,
'scuse,1,V
'tron,1,
-oose,1,
100,1,NUM
16,1,NUM
1982,1,
1:,1,
20,1,NUM
2:,1,
3,1,NUM
380,1,
4,1,NUM
40,1,NUM
5'9,1,
500,1,NUM
6'8,1,
70,1,NUM
87,1,NUM
[,1,|,|
a-a-abort,1,
a-a-air,1,
a-ha,1,
a-list,1,
aahh,1,
able,1,ADJ
abroad,1,ADV
ac,1,
accept,1,V
accidentally,1,ADV
accomplishments,1,N
aces,1,N
aching,1,VG
actions,1,N
add,1,V
adopted,1,VN
adultery,1,N
advance,1,N
affected,1,VN
afflicted,1,VN
afford,1,V
afro,1,
aftermath,1,N
agree,1,V
ahead,1,ADV
aim,1,N
aiming,1,VG
aisle,1,N
alc'hol,1,
ale,1,
all-all,1,
also,1,ADV
amazed,1,VN
american,1,
amore,1,
ancient,1,ADJ
anniversy,1,
answered,1,VD
anymore,1,ADV
apple,1,N
application,1,N
appreciate,1,V
apron,1,N
area,1,N
arrest,1,N
art,1,N
artifacts,1,N
asked,1,VD
asks,1,VBZ
asleep,1,ADV
asphalt,1,N
ass-backwards,1,
aston,1,
astray,1,ADV
atari,1,
ate,1,VD
attack,1,N
attic,1,N
attractive,1,ADJ
auburn,1,ADJ
auckland,1,
autotunes,1,
aw,1,
awards,1,N
ayo,1,
b-b-b-b-b-boom-ba-doom-boom-boom-ba-doom-boom-bass,1,
babies,1,N
baby's,1,N
backed,1,VD
backing,1,VG
backpack,1,N
backstabbers,1,
backwards,1,ADV
backwood,1,
badonka,1,
bag,1,N
bags,1,N
balance,1,N
bald,1,ADJ
ballad,1,N
ballsack,1,
bally's,1,
ban,1,N
band,1,N
band-aids,1,
bands,1,N
barbecue,1,N
barbies,1,
bare,1,ADJ
barn,1,N
barrack,1,N
bartending,1,
basement,1,N
bat,1,N
batteries,1,N
bean,1,N
become,1,V
bed-rock,1,
bee-hive,1,
beef,1,N
beelzebub,1,
beet,1,
beggin',1,
begun,1,VN
behalf,1,N
behave,1,V
believed,1,VD
believing,1,VG
beneath,1,P
benny,1,
bent,1,VN
berserk,1,
beyon,1,
bff,1,
bi,1,P
bic's,1,
biscuits,1,N
bittersweet,1,
blackboard,1,N
blackman,1,
blanket,1,N
blast,1,N
blazin',1,
blessed,1,VN
blessing,1,N
blessings,1,N
blind,1,ADJ
block,1,N
blocks,1,N
blowin',1,
blues,1,N
blunt,1,ADJ
blurred,1,VN
boat,1,N
bob,1,
bodied,1,ADJ
body's,1,N
bodybuilder,1,N
bologna,1,
bolt,1,N
bomb,1,N
bonfire,1,N
boo,1,V
boohoo,1,
books,1,N
boom-ba-doom-boom-boom-boom-ba-doom-boom-boom,1,
boombass,1,
boombassboom,1,
boombox,1,
booming,1,VG
boots,1,N
borderline,1,N
borders,1,N
bored,1,VN
boring,1,VG
borrow,1,V
boss,1,N
bother,1,V
bottom,1,N
bougie,1,
bounce,1,N
bound,1,VN
bouquet,1,N
boyfriend,1,
brainstorming,1,
brand,1,N
brave,1,ADJ
breakin',1,
breathe,1,V
breathed,1,VD
breezy,1,ADJ
brighten,1,
brink,1,N
brothers,1,N
brrrrraps,1,
brrrrrraps,1,
bruce,1,
bruh,1,
bruise,1,N
bruno,1,
bryson,1,
buckets,1,N
bud,1,V
buddha,1,
buddy,1,N
budget,1,N
buggin,1,
build,1,V
building,1,N
built,1,VN
bullied,1,
bump,1,V
buried,1,VN
buries,1,
burned,1,VN
burnin',1,
bus,1,N
busier,1,ADJ
busta,1,
busy,1,ADJ
but-but,1,
buzzed,1,VD
bx,1,
cadillac,1,
cake,1,N
cali,1,
california,1,
calling,1,VG
calls,1,VBZ
camera,1,N
cameras,1,N
can't-can't,1,
cannibal,1,
canyon,1,N
cap,1,N
captivating,1,ADJ
cared,1,VD
career,1,N
career's,1,
carried,1,VN
cash's,1,
castle,1,N
cat,1,N
caving,1,VG
cd,1,
cease,1,V
cell,1,N
cents,1,N
ceo,1,
chain,1,N
chalk,1,N
challenge,1,N
champ,1,
champagne,1,N
chandelier,1,N
chandon,1,
chanel,1,
changin',1,
charisma,1,N
chase,1,N
chased,1,VN
chasing,1,VG
chauffeur,1,N
cheated,1,VN
cheeks,1,N
chemicals,1,N
chevy,1,
chi-town,1,
chicks,1,N
chico,1,
child,1,N
children,1,N
chillin',1,
chipped,1,VN
chips,1,N
chosen,1,VN
christina,1,
chunka,1,
ciroc,1,
cirque,1,
classic,1,ADJ
clean,1,ADJ
cleanin',1,
clearer,1,ADJ
click,1,N
clicquot,1,
closed,1,VN
closes,1,VBZ
closet,1,N
clothes,1,N
clouds,1,N
clown,1,N
clue,1,N
coach,1,N
cocks,1,
coconut,1,N
code,1,N
codes,1,N
coffee,1,N
coincidental,1,
cold-shot,1,
college,1,N
comb,1,N
comfortly,1,
commissioner,1,N
company,1,N
compared,1,VN
compares,1,VBZ
complete,1,ADJ
complicated,1,VN
compliment,1,N
compliments,1,N
conceal,1,V
conceited,1,
condition,1,N
confess,1,V
confidence,1,N
confused,1,VN
connect,1,V
conscience,1,N
consciousness,1,N
consejo,1,
consequence,1,N
conspiracy,1,N
consultant,1,N
conversation,1,N
convertible,1,ADJ
convo,1,
cooked,1,VN
cooking,1,VG
cooler,1,ADJ
cooling,1,VG
cops,1,N
corn,1,N
cornbread,1,N
cory,1,
cosmic,1,ADJ
cotton,1,N
couch,1,N
countdown,1,
county,1,N
course,1,N
courts,1,N
cousin,1,N
cover,1,V
cow,1,N
cowards,1,
cowboy,1,N
coyote,1,N
cracker,1,
crackers',1,
cracks,1,N
crank,1,N
creep,1,V
crept,1,VD
criminal,1,ADJ
critics,1,N
crock-o-shit,1,
crook,1,N
cruise,1,N
cruising,1,VG
cryin',1,
crystal,1,N
cuba,1,
cudi,1,
cuff,1,N
cunning,1,N
curve,1,N
cuss,1,
cute,1,ADJ
d,1,
d-boy,1,
d-d-d-don't,1,
daaamn,1,
dabba,1,
dad's,1,
dade,1,
daleeee,1,
damage,1,N
dancefloor,1,
dandelion,1,N
dang,1,
dangling,1,VG
dare,1,V
darling,1,N
dates,1,N
daughter,1,N
dawned,1,
dc,1,
deadbolt,1,
dealio,1,
dear,1,ADJ
deck,1,N
declined,1,VD
deeper,1,ADJ
defeat,1,N
defense,1,N
degree,1,N
degrees,1,N
delirious,1,
demand,1,N
demon,1,N
denied,1,VN
deposit,1,N
deprived,1,VN
depths,1,N
descent,1,N
desire,1,N
desk,1,N
despair,1,N
destroy,1,V
detour,1,
detroit,1,
devilish,1,ADJ
dials,1,N
diamond,1,N
dice,1,N
dicks,1,N
dies,1,VBZ
dig,1,V
dine,1,V
diner,1,
dinner's,1,
dippin',1,
disabilities,1,N
disagree,1,V
disciplined,1,VN
dishes,1,N
display,1,N
disturb,1,V
divide,1,V
divine,1,ADJ
dj's,1,
do-lo,1,
doctored,1,VN
does,1,V
dog,1,N
domiar,1,
dominican,1,
domino,1,
donei,1,
donk,1,
donka,1,
donkey,1,N
dont,1,
donuts,1,
doo,1,V
doomed,1,VN
dos,1,
dosage,1,N
dose,1,N
dots,1,N
double,1,ADJ
doubt's,1,
dougie,1,
dove,1,N
downin',1,
downward,1,ADJ
dr,1,
drake,1,
drake],1,
drama,1,N
dramamine,1,
drano,1,
dreadlock,1,
dreads,1,
dressin',1,
drinkin',1,
droppin',1,
drumma,1,
du,1,FW
duck,1,V
dug,1,VN
dumb,1,ADJ
dumber,1,
dust,1,N
dyin',1,
each,1,DET
earth,1,N
east,1,N
eatin',1,
ecsta,1,
edible,1,ADJ
eggs,1,N
ego,1,N
eh,1,UH
eight,1,NUM
elaborate,1,ADJ
electro,1,
elephant,1,N
elevator,1,N
embraced,1,VD
empire,1,N
endorse,1,V
endure,1,V
enigma,1,N
enlighten,1,V
entertained,1,VN
enticin',1,
entrepreneur,1,N
epic,1,N
eric,1,
erupt,1,V
es,1,
estranged,1,VN
evaporates,1,
evenin',1,
evergreen,1,
everyones,1,
evilest,1,
exactly,1,ADV
exaggerate,1,V
exaggerated,1,VN
except,1,P
exchange,1,N
excuses,1,VBZ
exit,1,N
expect,1,V
expected,1,VN
explicit,1,ADJ
explore,1,V
explosive,1,ADJ
expressin',1,
f-f-f-f-f-fiend,1,
faces,1,N
fade,1,V
faded,1,VN
fail,1,V
fair-weather,1,N
fam,1,
fandango,1,
fans,1,N
fantastic,1,ADJ
fantasy,1,N
farm,1,N
farmer,1,N
faze,1,V
fcking,1,
fe,1,
fearing,1,VG
february,1,
feds,1,
feed,1,V
feelin,1,
feeling's,1,
feignin',1,
fell,1,VD
feminine,1,ADJ
fence,1,N
fergie,1,
ferrari,1,
few,1,DET
fiend,1,N
fifty,1,NUM
fifty-pound,1,ADJ
figaro,1,
fighter,1,N
fighters,1,N
fightin',1,VG
fighting,1,VG
fights,1,VBZ
final,1,ADJ
finders,1,
finger,1,N
fingers,1,N
finish,1,V
finished,1,VN
fishberg,1,
fishin',1,
fit,1,V
fitted,1,VN
fitting,1,VG
flame,1,N
flames,1,N
flamingos,1,
flashing,1,VG
flattered,1,VN
flavor,1,N
flipping,1,VG
flirt,1,V
flop,1,
flowing,1,VG
flows,1,VBZ
flyin',1,
foo,1,
football,1,N
forced,1,VN
forgave,1,VD
forgive,1,V
forgiveness,1,N
forgotten,1,VN
fort,1,N
forward,1,ADV
fought,1,VN
foul,1,ADJ
frankie,1,
freakier,1,
freaking,1,
fried,1,VN
frightening,1,VG
fruits,1,N
frustration,1,N
fuck's,1,
fuhhh,1,
fully,1,ADV
funeral,1,N
furthermore,1,ADV
fuse,1,V
futuristic,1,
g,1,N
g's,1,
g-gon',1,
gag,1,N
gain,1,N
galifianakis,1,
game's,1,N
games,1,N
garage,1,N
gather,1,V
gatle,1,
gave's,1,
gay,1,ADJ
gaza,1,
ge-ge-get,1,
gears,1,N
gelatin,1,
generation,1,N
geography,1,N
georgia,1,
gets,1,VBZ
ghana,1,
ghettos,1,N
gimme,1,VB+PPO
ginger,1,N
gleamin',1,
glittering,1,VG
glowing,1,VG
goblin,1,
god's,1,
goin,1,VG
goliath,1,
goner,1,
good-good-good,1,
goon,1,
goonrock[],1,
gorilla,1,
gossiping,1,
gots,1,
grabbed,1,VD
grand,1,ADJ
grandma's,1,
grandmother,1,N
grandpa's,1,
gravity,1,N
gray,1,ADJ
greatness,1,N
grew,1,VD
ground,1,N
grudges,1,N
guard,1,N
guessin',1,
guessing,1,VG
guest,1,N
guestlist,1,
guidin',1,
guitar,1,N
guitars,1,N
gunna,1,
ha-hands,1,
hair's,1,
hairdos,1,N
hairnet,1,
hairy,1,ADJ
half-black,1,
half-white,1,
halo,1,N
ham,1,N
handcuffing,1,
handsome,1,ADJ
handstand,1,N
happiness,1,N
hardly,1,ADV
hari,1,
harlem,1,
hat,1,N
hater,1,
hates,1,VBZ
hatred,1,N
hazy,1,ADJ
he'd,1,PRO
he-men,1,
head-lock,1,
headlock,1,
heartache,1,
heartbeat,1,N
heaven,1,N
heavyweight,1,
heels,1,N
henny,1,
hero,1,N
heyey,1,
hill,1,N
hip,1,N
hip-hop,1,
hipsters,1,
hittin',1,
hobby,1,N
holds,1,VBZ
holla,1,
holler,1,
holy,1,ADJ
homeboy,1,
homecoming,1,N
homey,1,
homies,1,
honeymoon,1,N
honking,1,
honks,1,
hoola,1,
hoop,1,N
hopefully,1,ADV
horns,1,N
hotel,1,N
hotness,1,
hotties,1,
hourglass,1,
howlin',1,
hug,1,V
hundred,1,NUM
hunger,1,N
hungry,1,ADJ
hunt,1,V
hurricane,1,N
hustler,1,N
hustlin',1,
hype,1,
hypnotizing,1,
ideas,1,N
ii,1,
illest,1,
ima,1,
imagining,1,VG
inappropriate,1,ADJ
incredible,1,ADJ
indecisive,1,ADJ
independent,1,ADJ
inevitable,1,ADJ
insides,1,N
intentions,1,N
invited,1,VN
ish,1,
j,1,
j.,1,
jacket,1,N
jackets,1,N
jacuzzi,1,
jam-packed,1,
jamaica,1,
jaw,1,N
jealous,1,ADJ
jealousy's,1,
jeremih,1,
jersey,1,N
jesus,1,
jet-lagger,1,
jet-setter,1,
jeweler,1,N
jim,1,
jive,1,
jo,1,
jock,1,
joker,1,
jokes,1,N
joseph,1,
judge,1,N
juicy,1,ADJ
jumped,1,VD
jumpin',1,
jumping,1,VG
june,1,
kan',1,
kari,1,
karma,1,
keepers,1,
keepin',1,
keith,1,
kelly,1,
kept,1,VD
killed,1,VN
killer,1,N
killing,1,N
kilpatrick,1,
kitten,1,N
knock,1,V
knocked,1,VD
knots,1,N
knowing,1,VG
konged,1,
kool-aid,1,
kuhh,1,
kwame,1,
l-u-p,1,
lab,1,N
label,1,N
labor,1,N
lambo,1,
lamborghini,1,
land,1,N
landing,1,VG
landslide,1,N
language,1,N
lap,1,N
las,1,
lasagna,1,
lasers,1,
later,1,ADV
laughed,1,VD
laughing,1,VG
lawn,1,N
lazy,1,ADJ
le,1,FW
leaded,1,ADJ
leader,1,N
leads,1,VBZ
league,1,N
leaping,1,VG
leash,1,N
lebanese,1,
lebron's,1,
led,1,VD
lee,1,
legal,1,ADJ
libra,1,
license,1,N
licensed,1,VN
lied,1,VD
lifetime,1,N
lifted,1,VD
lightening,1,
lighter,1,ADJ
lima,1,
limits,1,N
lincoln,1,
link,1,N
lipstick,1,N
list,1,N
listened,1,VD
literally,1,ADV
livin',1,
llama,1,
llega,1,
lo,1,UH
local,1,ADJ
lock,1,N
lol,1,
louisville,1,
lounging,1,VG
love's,1,N
love-shot,1,
lovely,1,ADJ
lovers,1,N
loves,1,VBZ
lowest,1,ADJ
luda,1,
luggage,1,N
lyric,1,N
lyrics,1,N
ma,1,N
ma'fucka,1,
macking,1,
mafia,1,
magic,1,ADJ
magnetizing,1,
magnifico,1,
major,1,ADJ
makeup,1,N
makin,1,
makin',1,
mall,1,N
malorie,1,
mama's,1,
mami,1,
man's,1,N
manage,1,V
march,1,N
margarita,1,
marlboro,1,
mars,1,VBZ
marty,1,
martyr,1,N
mask,1,N
massive,1,ADJ
match,1,V
mate,1,N
math,1,N
meantime,1,N
measure,1,N
medical,1,ADJ
medication,1,N
memo,1,N
memories,1,N
memory-ory,1,
men,1,N
mention,1,V
mentor,1,N
meooww,1,
metal,1,N
mi,1,
mick,1,
mighty,1,ADJ
mile,1,N
militia,1,N
milking,1,
millionaire,1,N
millions,1,N
mind's,1,N
mindless,1,ADJ
minds,1,N
minibar,1,
mink,1,N
minutes,1,N
miserable,1,ADJ
misplaced,1,VN
missin',1,
mistaken,1,VN
mistreated,1,
mixed,1,VN
mixtape,1,
miyagi,1,
mj,1,
mobbin',1,
model,1,N
moguls,1,
mom,1,N
momma's,1,
moms,1,
monstrosity,1,N
months,1,N
mood,1,N
moonheads,1,
morn',1,
motel,1,N
motha-fucka,1,
mothafucka,1,
mothafuckas,1,
motherfucker,1,
mover,1,
movie,1,N
mrshawty,1,
mulholland,1,
murder,1,N
muse,1,N
must've,1,MOD
mutha,1,
muthafuckas,1,
muthf-cka,1,
my-my-my-my,1,
mysterious,1,ADJ
nails,1,N
named,1,VN
names,1,N
napkin,1,N
nature,1,N
nds,1,
near,1,P
necklaces-es-es,1,
nemo,1,
nerve,1,N
nervous,1,ADJ
nevada,1,
nick,1,
nicole,1,
nine,1,NUM
nipple,1,
non-stop,1,N
nonsense,1,N
nope,1,
north,1,N
nose-bleed,1,
nothing's,1,
noticing,1,VG
nuisance,1,N
nunchuck,1,
nut,1,N
o-oh,1,
oakland,1,
obsessed,1,VN
ocean,1,N
odds,1,N
office,1,N
officers,1,N
ohhit's,1,
ohit's,1,
older,1,ADJ
ones,1,N
onto,1,P
oo-oooh,1,
ooh-ooh,1,
oooow,1,
oops,1,UH
op-e-doe,1,
opera,1,N
opinions,1,N
opposite,1,ADJ
options,1,N
orange,1,N
orbit,1,N
original,1,ADJ
ortiz,1,
other's,1,DET
others,1,N
ought,1,MOD
oughta,1,MOD
ourselves,1,PRO
outcast,1,N
outfielder,1,N
overdosed,1,
overload,1,V
ovo,1,
owoaah,1,
owoahaha,1,
owwww,1,
p-p-p-p-p-put,1,
p-p-p-pump,1,
p-p-pause,1,
pace,1,N
pack,1,N
packed,1,VN
pacquaiao,1,
paint,1,N
painter,1,N
paisley,1,
pane,1,N
panties,1,
paparazzi,1,
paper-thin,1,
papi,1,
paralyzed,1,VN
pardon,1,N
parks,1,N
part,1,N
partly,1,ADV
partner,1,N
passenger,1,N
past,1,N
pat,1,V
patricia,1,
paws,1,N
payback,1,
peabo,1,
peanuts,1,N
peebe,1,
|peebe,|,1,
peel,1,V
pelican,1,
pen,1,N
perfect's,1,
perfection,1,N
permanent,1,ADJ
persevere,1,V
person,1,N
physique,1,N
picked,1,VD
picket,1,N
pieces,1,N
piling,1,VG
pillow,1,N
pink,1,ADJ
pitbullmr,1,
place's,1,
planned,1,VN
plastic,1,N
plate,1,N
pleasure,1,N
pollution,1,N
polos,1,
pony,1,N
pool,1,N
pops,1,VBZ
position,1,N
post,1,N
potential,1,ADJ
potts,1,
pound,1,N
pounding,1,VG
pour,1,V
practice,1,N
praying,1,VG
preacher,1,N
precious,1,ADJ
predicate,1,
president's,1,N
presidential,1,ADJ
press,1,N
presto,1,UH
prick,1,N
pricks,1,N
print,1,N
prisoner,1,N
private,1,ADJ
problem,1,N
producers,1,N
projected,1,VN
prolongs,1,VBZ
promises,1,VBZ
prudence,1,N
pss,1,
puff,1,V
pulses,1,
pumpkin,1,
punch,1,N
purchase,1,N
puts,1,VBZ
putting,1,VG
puzzle,1,N
puzzled,1,VN
que,1,FW
queens,1,N
questionin',1,
quick-pull,1,
quiet,1,ADJ
quit-quit,1,
quite,1,DET
quittin',1,
quote,1,V
r-o-s-c-o-e-,1,
race,1,N
rack,1,N
racket,1,N
radar,1,N
rage,1,N
rainforest,1,
ratchet,1,
rather,1,P
read,1,V
reality,1,N
reap,1,V
redfoo,1,
redone,1,
ref,1,
refusing,1,VG
reign,1,N
relation,1,N
religion,1,N
reminds,1,VBZ
remix,1,
remove,1,V
renewed,1,VN
repay,1,V
repeat,1,V
repeated,1,VN
repeats,1,VBZ
replaced,1,VN
replacement,1,N
replacing,1,VG
reporter,1,N
respond,1,V
restraining,1,VG
rhymes,1,N
rhythm,1,N
richest,1,ADJ
rim-rim-rim-rim,1,
ripe,1,ADJ
risk,1,N
risked,1,VN
roads,1,N
roarin',1,
robert's,1,
roboto,1,
rock-rock-rocks,1,
rocks,1,N
rope,1,N
rough,1,ADJ
rounds,1,N
rowland,1,
ru-ru-ru-ru-run,1,
ru-run,1,
rub,1,V
rubberband,1,
ruby,1,
ruler,1,N
rules,1,N
rumors,1,N
runner,1,N
runner-ups,1,
s'aite,1,
sacrifice,1,N
sailed,1,VD
sailor,1,N
saint,1,N
sake,1,N
salary,1,N
sale,1,N
salty,1,ADJ
sam,1,
sand,1,N
sanity,1,N
sat,1,VD
saving,1,VG
savor,1,
scale,1,N
scarred,1,VN
schedule,1,N
scratch,1,N
screams,1,N
scuba,1,
sea,1,N
searching,1,VG
seas,1,N
seats,1,N
sec,1,
secrets,1,N
see's,1,
sees,1,VBZ
segregation,1,N
sellin',1,N
sends,1,VBZ
sentence,1,N
september,1,
sequins,1,N
seriously,1,ADV
service,1,N
settled,1,VN
severed,1,VN
sexual,1,ADJ
shaped,1,VN
shared,1,VN
she'll,1,PRO
sheets,1,N
shelf,1,N
shift,1,N
shifting,1,VG
shining,1,VG
shirts,1,N
shitted,1,
shivers,1,
shoes,1,N
shooter,1,N
shootin',1,VG
shopping,1,VG
shore,1,N
shortcomings,1,N
should've,1,
showin',1,VG
shred,1,V
shuck,1,
shuff-fuf-fullin',1,
sickening,1,VG
sicker,1,ADJ
sidekick,1,
sideways,1,ADV
sigh,1,N
siging,1,
silence,1,N
silhouetto,1,
singin',1,
single,1,DET
singletons,1,
sinner,1,N
sister,1,N
six-shooter,1,N
sixty-nine,1,NUM
skater,1,
skeet,1,N
skipping,1,VG
skyblu,1,
skyward,1,
slack,1,ADJ
slave,1,N
slay,1,
sleaze,1,
sleepin',1,
sleepless,1,ADJ
sleight,1,
slice,1,N
slick,1,ADJ
slicker,1,N
slightest,1,ADJ
slime,1,
slippin',1,
slowly,1,ADV
slugger,1,N
slur,1,
smartest,1,
smilin',1,
smith,1,
smoked,1,VD
smoker,1,
snooze,1,
snuff,1,
snuggie,1,
soap,1,N
soar,1,
softly,1,ADV
soleil,1,
solo,1,N
solve,1,V
someday,1,ADV
somethin,1,PRO
songs,1,N
sooner,1,ADV
sorrow,1,N
sorta,1,
south,1,N
southside,1,
sow,1,V
spare,1,ADJ
speech,1,N
speedo,1,
spice,1,V
spill,1,V
spin,1,V
spine,1,N
spiral,1,N
spiralled,1,
spotlight,1,N
springs,1,N
sprinkle,1,V
sprite,1,
spritzer,1,
square,1,N
stack,1,N
stacking,1,VG
stairs,1,N
stands,1,VBZ
startin',1,VG
starts,1,VBZ
static,1,ADJ
stayed,1,VD
staying,1,VG
steamin',1,
steer,1,N
sticky,1,ADJ
stitched,1,VD
stomp,1,
stooges,1,
stop-stop,1,
storm,1,N
story,1,N
strait,1,N
stranded,1,VN
strange,1,ADJ
stranger,1,N
streams,1,N
strength,1,N
strip,1,N
stripe,1,N
strippin',1,
struggle,1,N
strugglin',1,
struggling,1,VG
strung,1,VN
strut,1,N
stumble,1,V
stun,1,
subject,1,N
substitution,1,N
subway,1,N
suddenly,1,ADV
suede,1,
suicide,1,N
summertime,1,N
sunk,1,VN
sunsets,1,
sunshine,1,N
supersonic,1,ADJ
supportive,1,ADJ
surf,1,N
surgery,1,N
surprised,1,VN
surrender,1,N
surrouding,1,
survivin',1,
sushi,1,FW
swag,1,
sweatin',1,
sweetest,1,ADJ
swimmers,1,N
swishin',1,
switch,1,N
swore,1,VD
sympathy,1,N
synchronized,1,VN
syndicated,1,VN
system,1,N
t's,1,
tackle,1,V
tailgate,1,N
takes,1,VBZ
takin',1,VG
talent,1,N
talked,1,VD
tan,1,ADJ
tangle,1,N
tanned,1,VN
tap,1,V
tape,1,N
target,1,N
taxed,1,VN
taylored,1,
teach,1,V
teacher,1,N
team,1,N
team's,1,N
teased,1,VD
teeth,1,N
telling,1,VG
temperature,1,N
tempt,1,V
tenner,1,
teresa,1,
terrified,1,VN
tethered,1,VN
thanks,1,N
theirs,1,PRO
thick,1,ADJ
thief,1,N
thoroughbred,1,
threats,1,N
threw,1,VD
throne,1,N
throwing,1,VG
thrown,1,VN
throws,1,VBZ
thumping,1,VG
thunderbolts,1,
thunderstorm,1,
tie,1,N
til,1,
tip,1,N
tipped,1,VD
tippin',1,
tivo,1,
toast,1,N
toe,1,N
toes,1,N
tonka,1,
tool,1,N
torture,1,N
toting,1,
toupee,1,
tour,1,N
towards,1,P
towed,1,VD
towel,1,N
trail,1,N
trait,1,N
transcendental,1,ADJ
transform,1,V
transgendered,1,
transportation,1,N
trash,1,N
treasure,1,N
treasured,1,VN
tres,1,
trial,1,N
trick,1,N
trick-or-treat,1,
trips,1,N
trouble,1,N
troubles,1,N
trucks,1,N
trunk,1,N
try'na,1,
tryin-a,1,
tunafish,1,
turner,1,
twenty,1,NUM
twerk,1,
twins,1,N
twirk,1,
twist,1,N
twisted,1,VD
twistin,1,
tyra,1,
ugliest,1,
ugly,1,ADJ
uh-uh,1,UH
umpire,1,N
unaffected,1,ADJ
unapproachable,1,
undefeatable,1,
underestimate,1,V
underestimated,1,VN
undo,1,V
|unfortunately,|,1,
unite,1,V
uno,1,
upgrade,1,V
upon,1,P
uptown,1,N
urinals,1,N
using,1,VG
vehicle,1,N
veil,1,N
vet,1,N
vexed,1,VN
vibrate,1,
viejo,1,
vindicated,1,VN
vision,1,N
vision's,1,
visions,1,N
visit,1,N
visitation,1,
viso,1,
voices,1,N
vole,1,
volume,1,N
vowels,1,N
vuitton,1,
wacky,1,ADJ
waiter,1,N
waitress',1,
walkin',1,VG
wallet,1,N
walls,1,N
wants,1,VBZ
war,1,N
warning,1,VG
warrants,1,N
washing,1,VG
watched,1,VD
watching,1,VG
wave,1,N
wavelength,1,N
wax,1,N
weak,1,ADJ
weaves,1,N
weighing,1,VG
wendy,1,
wheels,1,N
where'd,1,
where's,1,
whimpy,1,
whispering,1,VG
whistle,1,N
whiting,1,
wieght,1,
wife,1,N
williams,1,
winding,1,VG
winning,1,VG
wisely,1,ADV
wishful,1,ADJ
wit',1,
witcha,1,
witness,1,N
wits,1,N
won't-won't,1,
wonders,1,N
wonton,1,
wood,1,N
woods,1,N
works,1,N
world's,1,N
worries,1,N
woulda,1,
wrath,1,N
wrestle,1,V
wristpiece,1,
write,1,V
xbox,1,
xo,1,
yabba,1,
yah1,1,
yard,1,N
yarn,1,N
yeaah,1,
yeaahh,1,
|yeah,|,1,
yeah-ah-ah-ah,1,
yeah.,1,
year,1,N
yearn,1,V
yearning,1,N
yellin',1,VG
yellow-bone,1,
|yo,|,1,
young'un,1,
your-,1,
youth,1,N
zach,1,
zeppelin,1,
zombie,1,N
zone,1,N
